WBS Number,Title,开始,结束,Time,Effort,%Done,Cost,Assigned,Planned Start,Start Variance,Planned End,End Variance,Constraint Start,Constraint End,Prerequisites,NoteContents,Priority,Resources Cost,Total Task Cost
1,Professional,2018/12/5 上午8:00,2019/2/8 下午4:00,6 月 2 天 6 小时,3 月 1 周 3 天 5 小时,54%,￥49.50,,,,,,2018/12/5 上午8:00,,,,,￥639.00,￥688.50
1.1,AI Application,2018/12/5 上午8:00,2019/2/8 下午4:00,6 月 2 天 6 小时,2 月 2 天 2 小时,44%,￥23.50,,,,,,2018/12/5 上午12:00,,,,,￥374.00,￥397.50
1.1.1,Anti-fraud,2018/12/5 上午8:00,2019/2/8 下午4:00,6 月 2 天 6 小时,1 月 2 周 4 天 2 小时,45%,￥19.50,,,,,,2018/12/5 上午8:00,,,,,￥302.00,￥321.50
1.1.1.1,人机识别应用开发,2018/12/6 上午9:00,2019/2/8 下午4:00,6 月 6 小时,3 周 4 天,5%,￥13.00,,,,,,2018/12/5 上午12:00,,,,,￥166.00,￥179.00
1.1.1.1.1,人机识别算法模型开发,2018/12/6 上午9:00,2019/2/8 下午4:00,6 月 6 小时,3 周 4 天,5%,￥13.00,,,,,,,,,,,￥166.00,￥179.00
1.1.1.1.1.1,人机数据治理到对应库／文件,2018/12/6 上午9:00,2018/12/6 下午7:00,1 天 1 小时,1 天,100%,￥1.00,Work,,,,,2018/12/6 上午7:00,,,,0,￥9.00,￥10.00
1.1.1.1.1.2,完成人机数据治理,2018/12/6 下午7:00,2018/12/6 下午7:00,,,100%,,Work,,,,,2018/12/6 上午7:00,,1.1.1.1.1.1,,,￥1.00,￥1.00
1.1.1.1.1.3,人机完成全流程框架图的输出及对应功能的输出,2019/1/21 上午10:00,2019/1/22 下午6:00,2 天 6 小时,2 天,0%,￥1.00,Work,,,,,2019/1/21 上午10:00,,1.1.1.1.1.2,,0,￥17.00,￥18.00
1.1.1.1.1.4,人机设计资料输出,2019/1/22 下午6:00,2019/1/22 下午6:00,,,0%,￥1.00,Work,,,,,2018/12/6 上午7:00,,1.1.1.1.1.3,,,￥1.00,￥2.00
1.1.1.1.1.5,人机完成现有特征库的封装,2019/1/22 下午6:00,2019/1/25 下午8:00,1 周 7 小时,4 天,0%,￥1.00,Work,,,,,2018/12/6 上午7:00,,1.1.1.1.1.4,,0,￥33.00,￥34.00
1.1.1.1.1.6,人机特征库开发封装完成,2019/1/25 下午8:00,2019/1/25 下午8:00,,,0%,￥1.00,Work,,,,,2018/12/6 上午7:00,,1.1.1.1.1.5,,,￥1.00,￥2.00
1.1.1.1.1.7,人机完成现有模型库封装,2019/1/25 下午8:00,2019/1/31 上午10:00,2 周 1 小时,4 天,0%,￥1.00,Work,,,,,2018/12/6 上午7:00,,1.1.1.1.1.6,,0,￥33.00,￥34.00
1.1.1.1.1.8,人机模型库开发封装完成,2019/1/31 上午10:00,2019/1/31 上午10:00,,,0%,￥1.00,Work,,,,,2018/12/6 上午7:00,,1.1.1.1.1.7,,,￥1.00,￥2.00
1.1.1.1.1.9,人机完成可视化与打标web前后端,2019/1/31 上午10:00,2019/2/4 下午4:00,1 周 3 天 1 小时,3 天,0%,￥1.00,Work,,,,,2018/12/6 上午7:00,,1.1.1.1.1.8,,0,￥25.00,￥26.00
1.1.1.1.1.10,人机可视化开发完成,2019/2/4 下午4:00,2019/2/4 下午4:00,,,0%,￥1.00,Work,,,,,2018/12/6 上午7:00,,1.1.1.1.1.9,,,￥1.00,￥2.00
1.1.1.1.1.11,人机全流程，全功能调试通,2019/2/4 下午4:00,2019/2/6 上午10:00,3 天 1 小时,2 天,0%,￥1.00,Work,,,,,2018/12/6 上午7:00,,1.1.1.1.1.10,,0,￥17.00,￥18.00
1.1.1.1.1.12,人机全流程调试通,2019/2/6 上午10:00,2019/2/6 上午10:00,,,0%,￥1.00,Work,,,,,2018/12/6 上午7:00,,1.1.1.1.1.11,,,￥1.00,￥2.00
1.1.1.1.1.13,完成打包封装@人机,2019/2/6 上午10:00,2019/2/8 下午4:00,4 天 3 小时,3 天,0%,￥1.00,Work,,,,,2018/12/6 上午7:00,,1.1.1.1.1.12,,0,￥25.00,￥26.00
1.1.1.1.1.14,打包封装完成@人机,2019/2/8 下午4:00,2019/2/8 下午4:00,,,0%,￥1.00,Work,,,,,2018/12/6 上午7:00,,1.1.1.1.1.13,,,￥1.00,￥2.00
1.1.1.2,行为识别研究开发 ,2018/12/5 上午9:00,2018/12/14 下午9:00,3 周 3 天 2 小时,2 周,100%,￥1.00,,,,,,,,,,,￥82.00,￥83.00
1.1.1.2.1,反欺诈体系的思路梳理,2018/12/5 上午9:00,2018/12/14 下午9:00,3 周 3 天 2 小时,2 周,100%,￥1.00,Work,,,,,2018/12/5 上午7:00,,,,0,￥81.00,￥82.00
1.1.1.2.2,完成反欺诈体系的思路梳理成文稿,2018/12/14 下午9:00,2018/12/14 下午9:00,,,100%,,Work,,,,,2018/12/7 下午2:30,,1.1.1.2.1,,,￥1.00,￥1.00
1.1.1.3,反欺诈业务和技术研究与跟踪,2018/12/5 上午8:00,2019/1/15 下午5:00,3 月 3 周 2 天 7 小时,1 周 2 小时,81%,￥5.50,,,,,,,,,,,￥54.00,￥59.50
1.1.1.3.1,业务方向,2018/12/5 上午9:00,2018/12/13 上午10:00,3 周 1 小时,3 天 2 小时,100%,￥3.50,,,,,,,,,,,￥34.00,￥37.50
1.1.1.3.1.1,Fintec金融反欺诈材料分析,2018/12/5 上午9:00,2018/12/5 下午7:00,1 天 1 小时,1 天,100%,￥1.00,Work,,,,,2018/12/5 上午7:00,,,,0,￥9.00,￥10.00
1.1.1.3.1.2,完成分析并输出分析记录@Fintec,2018/12/5 下午7:00,2018/12/5 下午7:00,,,100%,,Work,,,,,2018/12/5 上午7:00,,1.1.1.3.1.1,,,￥1.00,￥1.00
1.1.1.3.1.3,数美反欺诈体系材料分析,2018/12/5 上午9:00,2018/12/5 下午7:00,1 天 1 小时,1 天,100%,￥1.00,Work,,,,,2018/12/5 上午7:00,,,,0,￥9.00,￥10.00
1.1.1.3.1.4,完成分析并输出分析记录@友商,2018/12/5 下午7:00,2018/12/5 下午7:00,,,100%,,Work,,,,,2018/12/5 上午7:00,,1.1.1.3.1.3,,,￥1.00,￥1.00
1.1.1.3.1.5,资料2 风控防御体系分析,2018/12/7 下午2:00,2018/12/7 下午4:00,2 小时,2 小时,100%,￥0.50,Work,,,,,2018/12/7 下午1:00,,,,0,￥3.00,￥3.50
1.1.1.3.1.6,完成资料的分析并输出分析记录@风控防御体系,2018/12/7 下午4:30,2018/12/7 下午4:30,,,100%,,Work,,,,,2018/12/7 下午4:30,,1.1.1.3.1.5,,,￥1.00,￥1.00
1.1.1.3.1.7,广告反作弊材料分析,2018/12/12 下午2:00,2018/12/13 上午10:00,1 天 4 小时,1 天,100%,￥1.00,Work,,,,,2018/12/12 下午2:00,,,,0,￥9.00,￥10.00
1.1.1.3.1.8,完成材料的分析并输出分析记录@广告反作弊,2018/12/13 上午10:00,2018/12/13 上午10:00,,,100%,,Work,,,,,2018/12/12 上午7:00,,1.1.1.3.1.7,,,￥1.00,￥1.00
1.1.1.3.2,技术方向,2018/12/5 上午8:00,2018/12/5 上午8:00,0 秒,0 秒,0%,,,,,,,,,,,,,
1.1.1.3.3,友商研究,2018/12/6 上午9:00,2019/1/15 下午5:00,3 月 3 周 7 小时,2 天,50%,￥2.00,,,,,,,,,,,￥20.00,￥22.00
1.1.1.3.3.1,DV,2018/12/6 上午9:00,2019/1/15 下午5:00,3 月 3 周 7 小时,2 天,50%,￥2.00,,,,,,,,,,,￥20.00,￥22.00
1.1.1.3.3.1.1,第一轮DV 资料收集,2018/12/6 上午9:00,2018/12/6 下午7:00,1 天 1 小时,1 天,100%,￥1.00,Work,,,,,2018/12/6 上午7:00,,,,0,￥9.00,￥10.00
1.1.1.3.3.1.2,完成第一轮相关资料的收集并保存到库@DV,2018/12/6 下午7:00,2018/12/6 下午7:00,,,100%,,Work,,,,,2018/12/5 上午7:00,,1.1.1.3.3.1.1,,,￥1.00,￥1.00
1.1.1.3.3.1.3,进行第一轮资料的详细分析@DV,2019/1/14 下午7:00,2019/1/15 下午5:00,1 天 5 小时,1 天,1%,￥1.00,Work,,,,,2019/1/14 下午7:00,,1.1.1.3.3.1.2,,0,￥9.00,￥10.00
1.1.1.3.3.1.4,完成第一轮资料的详细分析@DV,2019/1/15 下午5:00,2019/1/15 下午5:00,,,0%,,Work,,,,,2018/12/5 上午7:00,,1.1.1.3.3.1.3,,,￥1.00,￥1.00
1.1.2,AIOPS,2018/12/5 上午8:00,2018/12/12 下午5:00,2 周 4 天 1 小时,2 天,100%,￥2.00,,,,,,2018/12/5 上午12:00,,,,,￥20.00,￥22.00
1.1.2.1,现有技术与架构调研,2018/12/5 上午9:00,2018/12/12 下午5:00,2 周 4 天,2 天,100%,￥2.00,,,,,,,,,,,￥20.00,￥22.00
1.1.2.1.1,AIOPS@学术界在该领域上的研究成果收集,2018/12/5 上午9:00,2018/12/5 下午7:00,1 天 1 小时,1 天,100%,￥1.00,Work,,,,,2018/12/5 上午9:00,,,,0,￥9.00,￥10.00
1.1.2.1.2,完成资料的收集@AIOPS,2018/12/5 下午7:00,2018/12/5 下午7:00,,,100%,,Work,,,,,2018/12/5 上午7:00,,1.1.2.1.1,,,￥1.00,￥1.00
1.1.2.1.3,AIOPS@工业界在该领域上的落地实现与效果调研,2018/12/11 下午7:00,2018/12/12 下午5:00,1 天 5 小时,1 天,100%,￥1.00,Work,,,,,2018/12/11 下午7:00,,1.1.2.1.2,,0,￥9.00,￥10.00
1.1.2.1.4,完成第一篇资料的分析整理@AIOPS,2018/12/12 下午5:00,2018/12/12 下午5:00,,,100%,,Work,,,,,2018/12/6 上午7:00,,1.1.2.1.3,,,￥1.00,￥1.00
1.1.2.2,内部服务开发,2018/12/5 上午8:00,2018/12/5 上午8:00,0 秒,0 秒,0%,,,,,,,,,,,,,
1.1.3,AutoML,2018/12/10 上午9:00,2019/1/11 下午7:00,3 月 1 天 1 小时,1 周 1 天,25%,￥2.00,,,,,,2018/12/10 上午12:00,,,,,￥52.00,￥54.00
1.1.3.1,收集AutoML相关的资料与资源，形成资源列表,2018/12/10 上午9:00,2018/12/10 下午7:00,1 天 1 小时,1 天,100%,￥1.00,Work,,,,,2018/12/10 上午7:00,,,,0,￥9.00,￥10.00
1.1.3.2,完成收集到资料库@AutoML,2018/12/10 下午7:00,2018/12/10 下午7:00,,,100%,,Work,,,,,2018/12/10 上午7:45,,1.1.3.1,,,￥1.00,￥1.00
1.1.3.3,进行第一轮资料的分析@AutoML,2019/1/7 下午7:00,2019/1/11 下午7:00,1 周 2 天 4 小时,1 周,10%,￥1.00,Work,,,,,2019/1/7 下午7:00,,1.1.3.2,,0,￥41.00,￥42.00
1.1.3.4,完成第一轮资料的分析与总结@AutoML,2019/1/11 下午7:00,2019/1/11 下午7:00,,,0%,,Work,,,,,2018/12/14 上午7:00,,1.1.3.3,,,￥1.00,￥1.00
1.1.4,Business Application,2018/12/5 上午8:00,2018/12/5 上午8:00,0 秒,0 秒,0%,,,,,,,,,,,,,
1.1.4.1,Education,2018/12/5 上午8:00,2018/12/5 上午8:00,0 秒,0 秒,0%,,,,,,,,,,,,,
1.1.4.2,New Retail,2018/12/5 上午8:00,2018/12/5 上午8:00,0 秒,0 秒,0%,,,,,,,,,,,,,
1.1.4.3,Financial Technology,2018/12/5 上午8:00,2018/12/5 上午8:00,0 秒,0 秒,0%,,,,,,,,,,,,,
1.1.4.4,Medical,2018/12/5 上午8:00,2018/12/5 上午8:00,0 秒,0 秒,0%,,,,,,,,,,,,,
1.1.4.5,Chip,2018/12/5 上午8:00,2018/12/5 上午8:00,0 秒,0 秒,0%,,,,,,,,,,,,,
1.1.4.6,Auto Driving,2018/12/5 上午8:00,2018/12/5 上午8:00,0 秒,0 秒,0%,,,,,,,,,,,,,
1.1.4.7,Voice & Recommendation,2018/12/5 上午8:00,2018/12/5 上午8:00,0 秒,0 秒,0%,,,,,,,,,,,,,
1.2,Data Science AI,2018/12/5 上午8:00,2019/1/22 下午3:00,4 月 2 周 6 小时,1 月 1 周 1 天 3 小时,68%,￥26.00,,,,,,2018/12/5 上午8:00,,,,,￥265.00,￥291.00
1.2.1,Machine Learning,2018/12/5 上午8:00,2018/12/5 上午8:00,0 秒,0 秒,0%,,,,,,,2018/12/5 上午8:00,,,,,,
1.2.1.1,Traditional Machine Learning,2018/12/5 上午8:00,2018/12/5 上午8:00,0 秒,0 秒,0%,,,,,,,2018/12/5 上午8:00,,,,,,
1.2.1.2,Deep Learning,2018/12/5 上午8:00,2018/12/5 上午8:00,0 秒,0 秒,0%,,,,,,,2018/12/5 上午8:00,,,,,,
1.2.1.3,Reinforcement Learning,2018/12/5 上午8:00,2018/12/5 上午8:00,0 秒,0 秒,0%,,,,,,,2018/12/5 上午8:00,,,,,,
1.2.2,Platform & Tools,2018/12/5 上午8:00,2019/1/22 下午3:00,4 月 2 周 6 小时,1 周 3 天,0%,￥8.00,,,,,,2018/12/5 上午8:00,,,,,￥80.00,￥88.00
1.2.2.1,Spark & Hadoop & Kafka,2018/12/5 上午8:00,2018/12/5 上午8:00,0 秒,0 秒,0%,,,,,,,2018/12/5 上午8:00,,,,,,
1.2.2.2,Tensorflow,2019/1/14 上午9:00,2019/1/22 下午3:00,3 周 5 小时,1 周 3 天,0%,￥8.00,,,,,,2019/1/1 上午8:00,,,,,￥80.00,￥88.00
1.2.2.2.1,Hand on ML with scikit & TF,2019/1/14 上午9:00,2019/1/22 下午3:00,3 周 5 小时,1 周 3 天,0%,￥8.00,,,,,,2019/1/1 上午7:00,,,,,￥80.00,￥88.00
1.2.2.2.1.1,HoMwsTF@CH9,2019/1/14 上午9:00,2019/1/14 下午7:00,1 天 1 小时,1 天,0%,￥1.00,Work,,,,,2019/1/14 上午9:00,,,,0,￥9.00,￥10.00
1.2.2.2.1.2,CH9@HoMwsTF finish,2019/1/14 下午7:00,2019/1/14 下午7:00,,,0%,,Work,,,,,2019/1/1 上午7:00,,1.2.2.2.1.1,,,￥1.00,￥1.00
1.2.2.2.1.3,HoMwsTF@CH10,2019/1/14 下午7:00,2019/1/15 下午5:00,1 天 5 小时,1 天,0%,￥1.00,Work,,,,,2019/1/1 上午7:00,,1.2.2.2.1.2,,0,￥9.00,￥10.00
1.2.2.2.1.4,CH10@HoMwsTF finish,2019/1/15 下午5:00,2019/1/15 下午5:00,,,0%,,Work,,,,,2019/1/2 上午7:00,,1.2.2.2.1.3,,,￥1.00,￥1.00
1.2.2.2.1.5,HoMwsTF@CH11,2019/1/15 下午5:00,2019/1/16 下午3:00,1 天 5 小时,1 天,0%,￥1.00,Work,,,,,2019/1/1 上午7:00,,1.2.2.2.1.4,,0,￥9.00,￥10.00
1.2.2.2.1.6,CH11@HoMwsTF finish,2019/1/16 下午3:00,2019/1/16 下午3:00,,,0%,,Work,,,,,2019/1/2 上午7:00,,1.2.2.2.1.5,,,￥1.00,￥1.00
1.2.2.2.1.7,HoMwsTF@CH12,2019/1/16 下午3:00,2019/1/17 上午11:00,1 天 4 小时,1 天,0%,￥1.00,Work,,,,,2019/1/1 上午7:00,,1.2.2.2.1.6,,0,￥9.00,￥10.00
1.2.2.2.1.8,CH12@HoMwsTF finish,2019/1/17 上午11:00,2019/1/17 上午11:00,,,0%,,Work,,,,,2019/1/2 上午7:00,,1.2.2.2.1.7,,,￥1.00,￥1.00
1.2.2.2.1.9,HoMwsTF@CH13,2019/1/17 上午11:00,2019/1/17 下午9:00,1 天 1 小时,1 天,0%,￥1.00,Work,,,,,2019/1/1 上午7:00,,1.2.2.2.1.8,,0,￥9.00,￥10.00
1.2.2.2.1.10,CH13@HoMwsTF finish,2019/1/17 下午9:00,2019/1/17 下午9:00,,,0%,,Work,,,,,2019/1/2 上午7:00,,1.2.2.2.1.9,,,￥1.00,￥1.00
1.2.2.2.1.11,HoMwsTF@CH14,2019/1/18 上午9:00,2019/1/18 下午7:00,1 天 1 小时,1 天,0%,￥1.00,Work,,,,,2019/1/1 上午7:00,,1.2.2.2.1.10,,0,￥9.00,￥10.00
1.2.2.2.1.12,CH14@HoMwsTF finish,2019/1/18 下午7:00,2019/1/18 下午7:00,,,0%,,Work,,,,,2019/1/2 上午7:00,,1.2.2.2.1.11,,,￥1.00,￥1.00
1.2.2.2.1.13,HoMwsTF@CH15,2019/1/18 下午7:00,2019/1/21 下午5:00,1 周 3 小时,1 天,0%,￥1.00,Work,,,,,2019/1/1 上午7:00,,1.2.2.2.1.12,,0,￥9.00,￥10.00
1.2.2.2.1.14,CH15@HoMwsTF finish,2019/1/21 下午5:00,2019/1/21 下午5:00,,,0%,,Work,,,,,2019/1/2 上午7:00,,1.2.2.2.1.13,,,￥1.00,￥1.00
1.2.2.2.1.15,HoMwsTF@CH16,2019/1/21 下午5:00,2019/1/22 下午3:00,1 天 5 小时,1 天,0%,￥1.00,Work,,,,,2019/1/8 上午7:00,,1.2.2.2.1.14,,0,￥9.00,￥10.00
1.2.2.2.1.16,CH16@HoMwsTF finish,2019/1/22 下午3:00,2019/1/22 下午3:00,,,0%,,Work,,,,,2019/1/9 上午7:00,,1.2.2.2.1.15,,,￥1.00,￥1.00
1.2.3,Algorithm & Data Structure,2018/12/5 上午8:00,2018/12/31 下午5:00,2 月 1 周 4 天 6 小时,3 周 3 天 3 小时,98%,￥18.00,,,,,,2018/12/5 上午8:00,,,,,￥185.00,￥203.00
1.2.3.1,Java,2018/12/5 上午9:00,2018/12/31 下午5:00,2 月 1 周 4 天 5 小时,3 周 3 天 3 小时,98%,￥18.00,,,,,,2018/12/5 上午8:00,,,,,￥185.00,￥203.00
1.2.3.1.1,Algorithm,2018/12/5 上午9:00,2018/12/31 下午5:00,2 月 1 周 4 天 5 小时,3 周 3 天 3 小时,98%,￥18.00,,,,,,2018/12/5 上午8:00,,,,,￥185.00,￥203.00
1.2.3.1.1.1,2.1 Elementary Sort,2018/12/5 上午9:00,2018/12/7 下午3:00,4 天 3 小时,3 天,100%,￥1.00,Work,,,,,2018/12/5 上午7:00,,,,0,￥25.00,￥26.00
1.2.3.1.1.2,Elementary Sort finish,2018/12/7 下午3:00,2018/12/7 下午3:00,,,100%,,Work,,,,,2018/12/5 上午7:00,,1.2.3.1.1.1,,,￥1.00,￥1.00
1.2.3.1.1.3,2.2 Merge Sort,2018/12/11 下午3:00,2018/12/11 下午9:00,6 小时,6 小时,100%,,Work,,,,,2018/12/11 下午3:00,,1.2.3.1.1.2,,0,￥7.00,￥7.00
1.2.3.1.1.4,Merge Sort finish,2018/12/12 上午7:00,2018/12/12 上午7:00,,,100%,,Work,,,,,2018/12/12 上午7:00,,1.2.3.1.1.3,,,￥1.00,￥1.00
1.2.3.1.1.5,2.3 Quick Sort,2018/12/12 上午9:00,2018/12/12 下午7:00,1 天 1 小时,1 天,100%,￥1.00,Work,,,,,2018/12/12 上午9:00,,1.2.3.1.1.4,,0,￥9.00,￥10.00
1.2.3.1.1.6,Quick Sort finish,2018/12/12 下午7:00,2018/12/12 下午7:00,,,100%,,Work,,,,,2018/12/12 上午7:00,,1.2.3.1.1.5,,,￥1.00,￥1.00
1.2.3.1.1.7,2.4 Priority Queue,2018/12/12 下午7:00,2018/12/13 下午5:00,1 天 5 小时,1 天,100%,￥1.00,Work,,,,,2018/12/12 上午7:00,,1.2.3.1.1.6,,0,￥9.00,￥10.00
1.2.3.1.1.8,Priority Queue finish,2018/12/13 下午5:00,2018/12/13 下午5:00,,,100%,,Work,,,,,2018/12/12 上午7:00,,1.2.3.1.1.7,,,￥1.00,￥1.00
1.2.3.1.1.9,2.5 application,2018/12/17 上午9:00,2018/12/17 下午7:00,1 天 1 小时,1 天,100%,￥1.00,Work,,,,,2018/12/17 上午7:00,,1.2.3.1.1.8,,0,￥9.00,￥10.00
1.2.3.1.1.10,Application finish,2018/12/17 下午7:00,2018/12/17 下午7:00,,,100%,,Work,,,,,2018/12/14 上午7:00,,1.2.3.1.1.9,,,￥1.00,￥1.00
1.2.3.1.1.11,3.1Symbol Tables,2018/12/17 下午7:00,2018/12/18 下午5:00,1 天 5 小时,1 天,100%,￥1.00,Work,,,,,2018/12/17 下午7:00,,1.2.3.1.1.10,,0,￥9.00,￥10.00
1.2.3.1.1.12,Symbol Tables finish,2018/12/18 下午5:00,2018/12/18 下午5:00,,,100%,,Work,,,,,2018/12/18 上午7:00,,1.2.3.1.1.11,,,￥1.00,￥1.00
1.2.3.1.1.13,3.2Binary Search Tree,2018/12/18 下午5:00,2018/12/18 下午9:00,4 小时,4 小时,100%,￥1.00,Work,,,,,2018/12/18 上午7:00,,1.2.3.1.1.12,,0,￥5.00,￥6.00
1.2.3.1.1.14,Binary Search Tree finish,2018/12/18 下午9:00,2018/12/18 下午9:00,,,100%,,Work,,,,,2018/12/17 上午7:00,,1.2.3.1.1.13,,,￥1.00,￥1.00
1.2.3.1.1.15,3.3Balanced Search Trees,2018/12/19 上午9:00,2018/12/19 下午7:00,1 天 1 小时,1 天,100%,￥1.00,Work,,,,,2018/12/19 上午8:00,,1.2.3.1.1.14,,0,￥9.00,￥10.00
1.2.3.1.1.16,Balanced Search Trees finish,2018/12/19 下午7:00,2018/12/19 下午7:00,,,100%,,Work,,,,,2018/12/19 上午7:00,,1.2.3.1.1.15,,,￥1.00,￥1.00
1.2.3.1.1.17,3.4Hash Tables,2018/12/20 上午9:00,2018/12/20 下午3:00,5 小时,4 小时,100%,￥1.00,Work,,,,,2018/12/20 上午7:00,,1.2.3.1.1.16,,0,￥5.00,￥6.00
1.2.3.1.1.18,Hash Tables finish,2018/12/20 下午3:00,2018/12/20 下午3:00,,,100%,,Work,,,,,2018/12/20 上午7:00,,1.2.3.1.1.17,,,￥1.00,￥1.00
1.2.3.1.1.19,3.5Application,2018/12/20 下午3:00,2018/12/20 下午4:00,1 小时,1 小时,100%,￥1.00,Work,,,,,2018/12/20 上午9:00,,1.2.3.1.1.18,,0,￥2.00,￥3.00
1.2.3.1.1.20,Application  finish,2018/12/20 下午4:00,2018/12/20 下午4:00,,,100%,,Work,,,,,2018/12/20 上午7:00,,1.2.3.1.1.19,,,￥1.00,￥1.00
1.2.3.1.1.21,4.1Undirected Graph,2018/12/20 下午4:00,2018/12/20 下午8:00,4 小时,4 小时,100%,￥1.00,Work,,,,,2018/12/20 上午9:00,,1.2.3.1.1.20,,0,￥5.00,￥6.00
1.2.3.1.1.22,Undirected Graph finish,2018/12/21 上午7:00,2018/12/21 上午7:00,,,100%,,Work,,,,,2018/12/21 上午7:00,,1.2.3.1.1.21,,,￥1.00,￥1.00
1.2.3.1.1.23,4.2Directed Graph,2018/12/21 上午9:00,2018/12/21 下午7:00,1 天 1 小时,1 天,100%,￥1.00,Work,,,,,2018/12/21 上午9:00,,1.2.3.1.1.22,,0,￥9.00,￥10.00
1.2.3.1.1.24,Directed Graph finish,2018/12/21 下午7:00,2018/12/21 下午7:00,,,100%,,Work,,,,,2018/12/21 下午3:00,,1.2.3.1.1.23,,,￥1.00,￥1.00
1.2.3.1.1.25,4.3Minimum Spanning Trees,2018/12/24 上午9:00,2018/12/24 下午7:00,1 天 1 小时,1 天,100%,￥1.00,Work,,,,,2018/12/23 下午5:00,,1.2.3.1.1.24,,0,￥9.00,￥10.00
1.2.3.1.1.26,Minimum Spanning Trees finish,2018/12/24 下午7:00,2018/12/24 下午7:00,,,100%,,Work,,,,,2018/12/24 上午10:00,,1.2.3.1.1.25,,,￥1.00,￥1.00
1.2.3.1.1.27,4.4Shortest Paths,2018/12/24 下午7:00,2018/12/25 下午5:00,1 天 5 小时,1 天,100%,￥1.00,Work,,,,,2018/12/24 上午10:00,,1.2.3.1.1.26,,0,￥9.00,￥10.00
1.2.3.1.1.28,Shortest Paths finish,2018/12/25 下午5:00,2018/12/25 下午5:00,,,100%,,Work,,,,,2018/12/25 上午8:00,,1.2.3.1.1.27,,,￥1.00,￥1.00
1.2.3.1.1.29,5.1String Sorts,2018/12/25 下午5:00,2018/12/26 下午3:00,1 天 5 小时,1 天,100%,￥1.00,Work,,,,,2018/12/24 上午9:00,,1.2.3.1.1.28,,0,￥9.00,￥10.00
1.2.3.1.1.30,String Sorts finish,2018/12/26 下午3:00,2018/12/26 下午3:00,,,100%,,Work,,,,,2018/12/26 上午7:00,,1.2.3.1.1.29,,,￥1.00,￥1.00
1.2.3.1.1.31,5.2Tries,2018/12/26 下午3:00,2018/12/27 上午11:00,1 天 4 小时,1 天,100%,￥1.00,Work,,,,,2018/12/26 上午9:00,,1.2.3.1.1.30,,0,￥9.00,￥10.00
1.2.3.1.1.32,Tries finish,2018/12/27 上午11:00,2018/12/27 上午11:00,,,100%,,Work,,,,,2018/12/26 下午3:00,,1.2.3.1.1.31,,,￥1.00,￥1.00
1.2.3.1.1.33,5.3Substring Search ,2018/12/27 上午11:00,2018/12/27 下午9:00,1 天 1 小时,1 天,100%,￥1.00,Work,,,,,2018/12/26 下午5:00,,1.2.3.1.1.32,,0,￥9.00,￥10.00
1.2.3.1.1.34,Substring Search finish,2018/12/27 下午9:00,2018/12/27 下午9:00,,,100%,,Work,,,,,2018/12/26 上午10:00,,1.2.3.1.1.33,,,￥1.00,￥1.00
1.2.3.1.1.35,5.4Regular Expressions,2018/12/28 上午9:00,2018/12/28 下午7:00,1 天 1 小时,1 天,100%,￥1.00,Work,,,,,2018/12/28 上午9:00,,1.2.3.1.1.34,,0,￥9.00,￥10.00
1.2.3.1.1.36,Regular Expressions finish,2018/12/28 下午7:00,2018/12/28 下午7:00,,,100%,,Work,,,,,2018/12/28 上午8:00,,1.2.3.1.1.35,,,￥1.00,￥1.00
1.2.3.1.1.37,5.5Data Compression,2018/12/28 下午7:00,2018/12/31 下午5:00,1 周 3 小时,1 天,60%,￥1.00,Work,,,,,2018/12/28 上午10:00,,1.2.3.1.1.36,,0,￥9.00,￥10.00
1.2.3.1.1.38,Data Compression finish,2018/12/31 下午5:00,2018/12/31 下午5:00,,,0%,,Work,,,,,2018/12/31 上午8:00,,1.2.3.1.1.37,,,￥1.00,￥1.00
1.2.3.2,C/C++,2018/12/5 上午8:00,2018/12/5 上午8:00,0 秒,0 秒,0%,,,,,,,2018/12/5 上午8:00,,,,,,
1.2.3.3,Python,2018/12/5 上午8:00,2018/12/5 上午8:00,0 秒,0 秒,0%,,,,,,,2018/12/5 上午8:00,,,,,,
1.2.4,Maths & Statics,2018/12/5 上午8:00,2018/12/5 上午8:00,0 秒,0 秒,0%,,,,,,,2018/12/5 上午8:00,,,,,,
1.2.4.1,Linear Algebra,2018/12/5 上午8:00,2018/12/5 上午8:00,0 秒,0 秒,0%,,,,,,,2018/12/5 上午8:00,,,,,,
1.2.4.2,Deferential ,2018/12/5 上午8:00,2018/12/5 上午8:00,0 秒,0 秒,0%,,,,,,,2018/12/5 上午8:00,,,,,,
1.2.4.3,Convex optimization,2018/12/5 上午8:00,2018/12/5 上午8:00,0 秒,0 秒,0%,,,,,,,2018/12/5 上午8:00,,,,,,
1.2.4.4,Probability,2018/12/5 上午8:00,2018/12/5 上午8:00,0 秒,0 秒,0%,,,,,,,2018/12/5 上午8:00,,,,,,
1.2.5,System Design,2018/12/5 上午8:00,2018/12/5 上午8:00,0 秒,0 秒,0%,,,,,,,2018/12/5 上午8:00,,,,,,
1.3,IT New technology,2018/12/5 上午8:00,2018/12/5 上午8:00,0 秒,0 秒,0%,,,,,,,2018/12/5 上午8:00,,,,,,
1.3.1,Cloud,2018/12/5 上午8:00,2018/12/5 上午8:00,0 秒,0 秒,0%,,,,,,,2018/12/5 上午8:00,,,,,,
2,Personal Development,2018/12/5 上午8:00,2019/2/25 上午8:00,7 月 2 周 3 天 6 小时,4 月 4 天 6 小时,24%,￥58.00,,,,,,2018/12/5 上午8:00,,,,,￥205.00,￥263.00
2.1,Reading,2018/12/5 上午8:00,2019/2/24 下午8:30,7 月 2 周 3 天 2 小时 30 分,3 月 2 周 6 小时,27%,￥53.00,,,,,,2018/12/5 上午8:00,,,,,￥157.00,￥210.00
2.1.1,2019 Book Reading Plan work out,2019/1/1 上午7:00,2019/1/27 下午1:45,2 月 1 周 4 天 3 小时 45 分,1 月 1 天,15%,￥7.00,,,,,,2019/1/1 上午7:00,,,,,￥14.00,￥21.00
2.1.1.1,make Fiction & Novel book list,2019/1/1 上午7:00,2019/1/5 下午2:00,1 周 3 天 2 小时,3 天,100%,￥1.00,Off work,,,,,2019/1/1 上午7:00,,,,0,￥1.00,￥2.00
2.1.1.2,Fiction & Novel book list finish,2019/1/5 下午2:00,2019/1/5 下午2:00,,,100%,,Off work,,,,,2019/1/4 上午7:00,,2.1.1.1,,,￥1.00,￥1.00
2.1.1.3,make Chinese cultural book list,2019/1/8 下午9:00,2019/1/12 下午4:15,1 周 1 天 7 小时 15 分,3 天,1%,￥1.00,Off work,,,,,2019/1/8 下午2:00,,2.1.1.2,,0,￥1.00,￥2.00
2.1.1.4,Chinese cultural book list finish,2019/1/12 下午4:15,2019/1/12 下午4:15,,,0%,,Off work,,,,,2019/1/5 上午7:00,,2.1.1.3,,,￥1.00,￥1.00
2.1.1.5,make Financial & Manager book list,2019/1/12 下午4:15,2019/1/14 上午8:15,2 天 7 小时,3 天,1%,￥1.00,Off work,,,,,2019/1/5 上午7:00,,2.1.1.4,,0,￥1.00,￥2.00
2.1.1.6,Financial & Manager book list finish,2019/1/14 上午8:15,2019/1/14 上午8:15,,,0%,,Off work,,,,,2019/1/11 上午7:00,,2.1.1.5,,,￥1.00,￥1.00
2.1.1.7,make Habit book list,2019/1/14 上午8:15,2019/1/19 上午11:00,1 周 4 天 5 小时 45 分,3 天,0%,￥1.00,Off work,,,,,2019/1/11 上午7:00,,2.1.1.6,,0,￥1.00,￥2.00
2.1.1.8,Habit  list finish,2019/1/19 上午11:00,2019/1/19 上午11:00,,,0%,,Off work,,,,,2019/1/12 上午7:00,,2.1.1.7,,,￥1.00,￥1.00
2.1.1.9,make wealth book list,2019/1/19 上午11:00,2019/1/20 下午7:00,2 天 6 小时,3 天,0%,￥1.00,Off work,,,,,2019/1/12 上午7:00,,2.1.1.8,,0,￥1.00,￥2.00
2.1.1.10,wealth book list finish,2019/1/20 下午7:00,2019/1/20 下午7:00,,,0%,,Off work,,,,,2019/1/17 上午7:00,,2.1.1.9,,,￥1.00,￥1.00
2.1.1.11,make Entertaining  book list,2019/1/20 下午7:00,2019/1/25 下午9:45,1 周 4 天 5 小时 45 分,3 天,0%,￥1.00,Off work,,,,,2019/1/17 上午7:00,,2.1.1.10,,0,￥1.00,￥2.00
2.1.1.12,Entertaining book list finish,2019/1/25 下午9:45,2019/1/25 下午9:45,,,0%,,Off work,,,,,2019/1/19 上午7:00,,2.1.1.11,,,￥1.00,￥1.00
2.1.1.13,make Professional book list,2019/1/25 下午9:45,2019/1/27 下午1:45,2 天 6 小时,3 天,1%,￥1.00,Off work,,,,,2019/1/19 上午7:00,,2.1.1.12,,0,￥1.00,￥2.00
2.1.1.14,Professional book list finish,2019/1/27 下午1:45,2019/1/27 下午1:45,,,0%,,Off work,,,,,2019/1/22 上午7:00,,2.1.1.13,,,￥1.00,￥1.00
2.1.2,Fiction&Novel,2018/12/5 上午8:00,2019/2/24 下午8:30,7 月 2 周 3 天 2 小时 30 分,2 月 1 周 4 天 6 小时,32%,￥46.00,,,,,,2018/12/5 上午8:00,,,,,￥143.00,￥189.00
2.1.2.1,Russia,2018/12/5 上午8:00,2018/12/5 上午8:00,0 秒,0 秒,0%,,,,,,,2018/12/5 上午8:00,,,,,,
2.1.2.2,France,2019/1/28 下午9:00,2019/2/5 上午7:45,2 周 3 天 3 小时 45 分,1 周 2 天,0%,,,,,,,2018/12/5 上午8:00,,,,,￥14.00,￥14.00
2.1.2.2.1,莫泊桑短篇小说选,2019/1/28 下午9:00,2019/2/5 上午7:45,2 周 3 天 3 小时 45 分,1 周 2 天,0%,,,,,,,2019/1/2 上午7:00,,,,,￥14.00,￥14.00
2.1.2.2.1.1,MBS@第一章 1～9,2019/1/28 下午9:00,2019/1/30 上午8:45,2 天 2 小时 45 分,1 天,0%,,Off work,,,,,2019/1/28 下午8:00,,,,0,￥1.00,￥1.00
2.1.2.2.1.2,第一章@ MBS finish,2019/1/30 上午8:45,2019/1/30 上午8:45,,,0%,,Off work,,,,,2019/1/2 上午7:00,,2.1.2.2.1.1,,,￥1.00,￥1.00
2.1.2.2.1.3,MBS@第二章,2019/1/30 上午8:45,2019/2/1 上午8:15,3 天 5 小时 30 分,1 天,0%,,Off work,,,,,2019/1/2 上午7:00,,2.1.2.2.1.2,,0,￥1.00,￥1.00
2.1.2.2.1.4,第二章@ MBS finish,2019/2/1 上午8:15,2019/2/1 上午8:15,,,0%,,Off work,,,,,2019/1/2 上午7:00,,2.1.2.2.1.3,,,￥1.00,￥1.00
2.1.2.2.1.5,MBS@第三章,2019/2/1 上午8:15,2019/2/2 下午12:00,2 天 2 小时 45 分,1 天,0%,,Off work,,,,,2019/1/6 下午8:00,,2.1.2.2.1.4,,0,￥1.00,￥1.00
2.1.2.2.1.6,第三章@ MBS finish,2019/2/2 下午12:00,2019/2/2 下午12:00,,,0%,,Off work,,,,,2019/1/2 上午7:00,,2.1.2.2.1.5,,,￥1.00,￥1.00
2.1.2.2.1.7,MBS@第四章,2019/2/2 下午12:00,2019/2/2 下午8:00,7 小时,1 天,0%,,Off work,,,,,2019/1/2 上午7:00,,2.1.2.2.1.6,,0,￥1.00,￥1.00
2.1.2.2.1.8,第四章@ MBS finish,2019/2/2 下午8:00,2019/2/2 下午8:00,,,0%,,Off work,,,,,2019/1/2 上午7:00,,2.1.2.2.1.7,,,￥1.00,￥1.00
2.1.2.2.1.9,MBS@第五章,2019/2/2 下午8:00,2019/2/3 下午12:00,1 天,1 天,0%,,Off work,,,,,2019/1/2 上午7:00,,2.1.2.2.1.8,,0,￥1.00,￥1.00
2.1.2.2.1.10,第五章@ MBS finish,2019/2/3 下午12:00,2019/2/3 下午12:00,,,0%,,Off work,,,,,2019/1/2 上午7:00,,2.1.2.2.1.9,,,￥1.00,￥1.00
2.1.2.2.1.11,MBS@第六章,2019/2/3 下午12:00,2019/2/3 下午8:00,7 小时,1 天,0%,,Off work,,,,,2019/1/2 上午7:00,,2.1.2.2.1.10,,0,￥1.00,￥1.00
2.1.2.2.1.12,第六章@ MBS finish,2019/2/3 下午8:00,2019/2/3 下午8:00,,,0%,,Off work,,,,,2019/1/2 上午7:00,,2.1.2.2.1.11,,,￥1.00,￥1.00
2.1.2.2.1.13,MBS@第七章,2019/2/3 下午8:00,2019/2/5 上午7:45,2 天 2 小时 45 分,1 天,0%,,Off work,,,,,2019/1/2 上午7:00,,2.1.2.2.1.12,,0,￥1.00,￥1.00
2.1.2.2.1.14,第七章@ MBS finish,2019/2/5 上午7:45,2019/2/5 上午7:45,,,0%,,Off work,,,,,2019/1/2 上午7:00,,2.1.2.2.1.13,,,￥1.00,￥1.00
2.1.2.3,England,2019/1/14 下午9:00,2019/2/24 下午8:30,3 月 3 周 1 天 6 小时 30 分,1 月 1 周 1 天,< 1%,￥26.00,,,,,,2018/12/5 上午8:00,,,,,￥52.00,￥78.00
2.1.2.3.1,人性的枷锁,2019/1/14 下午9:00,2019/1/27 下午10:45,1 月 4 天 4 小时 45 分,2 周 3 天,< 1%,￥13.00,,,,,,2019/1/2 上午7:00,,,,,￥26.00,￥39.00
2.1.2.3.1.1,RXDJS@第一章,2019/1/14 下午9:00,2019/1/16 上午8:45,2 天 2 小时 45 分,1 天,1%,￥1.00,Off work,,,,,2019/1/14 下午8:00,,,,0,￥1.00,￥2.00
2.1.2.3.1.2,第一章@ RXDJS finish,2019/1/16 上午8:45,2019/1/16 上午8:45,,,0%,,Off work,,,,,2019/1/2 上午7:00,,2.1.2.3.1.1,,,￥1.00,￥1.00
2.1.2.3.1.3,RXDJS@第二章,2019/1/16 上午8:45,2019/1/18 上午8:15,3 天 5 小时 30 分,1 天,0%,￥1.00,Off work,,,,,2019/1/2 上午7:00,,2.1.2.3.1.2,,0,￥1.00,￥2.00
2.1.2.3.1.4,第二章@ RXDJS finish,2019/1/18 上午8:15,2019/1/18 上午8:15,,,0%,,Off work,,,,,2019/1/2 上午7:00,,2.1.2.3.1.3,,,￥1.00,￥1.00
2.1.2.3.1.5,RXDJS@第三章,2019/1/18 上午8:15,2019/1/19 下午12:00,2 天 2 小时 45 分,1 天,0%,￥1.00,Off work,,,,,2019/1/6 下午8:00,,2.1.2.3.1.4,,0,￥1.00,￥2.00
2.1.2.3.1.6,第三章@ RXDJS finish,2019/1/19 下午12:00,2019/1/19 下午12:00,,,0%,,Off work,,,,,2019/1/2 上午7:00,,2.1.2.3.1.5,,,￥1.00,￥1.00
2.1.2.3.1.7,RXDJS@第四章,2019/1/19 下午12:00,2019/1/19 下午8:00,7 小时,1 天,0%,￥1.00,Off work,,,,,2019/1/2 上午7:00,,2.1.2.3.1.6,,0,￥1.00,￥2.00
2.1.2.3.1.8,第四章@ RXDJS finish,2019/1/19 下午8:00,2019/1/19 下午8:00,,,0%,,Off work,,,,,2019/1/2 上午7:00,,2.1.2.3.1.7,,,￥1.00,￥1.00
2.1.2.3.1.9,RXDJS@第五章,2019/1/19 下午8:00,2019/1/20 下午12:00,1 天,1 天,0%,￥1.00,Off work,,,,,2019/1/2 上午7:00,,2.1.2.3.1.8,,0,￥1.00,￥2.00
2.1.2.3.1.10,第五章@ RXDJS finish,2019/1/20 下午12:00,2019/1/20 下午12:00,,,0%,,Off work,,,,,2019/1/2 上午7:00,,2.1.2.3.1.9,,,￥1.00,￥1.00
2.1.2.3.1.11,RXDJS@第六章,2019/1/20 下午12:00,2019/1/20 下午8:00,7 小时,1 天,0%,￥1.00,Off work,,,,,2019/1/2 上午7:00,,2.1.2.3.1.10,,0,￥1.00,￥2.00
2.1.2.3.1.12,第六章@ RXDJS finish,2019/1/20 下午8:00,2019/1/20 下午8:00,,,0%,,Off work,,,,,2019/1/2 上午7:00,,2.1.2.3.1.11,,,￥1.00,￥1.00
2.1.2.3.1.13,RXDJS@第七章,2019/1/20 下午8:00,2019/1/22 上午7:45,2 天 2 小时 45 分,1 天,0%,￥1.00,Off work,,,,,2019/1/2 上午7:00,,2.1.2.3.1.12,,0,￥1.00,￥2.00
2.1.2.3.1.14,第七章@ RXDJS finish,2019/1/22 上午7:45,2019/1/22 上午7:45,,,0%,,Off work,,,,,2019/1/2 上午7:00,,2.1.2.3.1.13,,,￥1.00,￥1.00
2.1.2.3.1.15,RXDJS@第八章,2019/1/22 上午7:45,2019/1/24 上午7:15,3 天 5 小时 30 分,1 天,0%,￥1.00,Off work,,,,,2019/1/2 上午7:00,,2.1.2.3.1.14,,0,￥1.00,￥2.00
2.1.2.3.1.16,第八章@ RXDJS finish,2019/1/24 上午7:15,2019/1/24 上午7:15,,,0%,,Off work,,,,,2019/1/2 上午7:00,,2.1.2.3.1.15,,,￥1.00,￥1.00
2.1.2.3.1.17,RXDJS@第九章,2019/1/24 上午7:15,2019/1/25 下午10:45,3 天 5 小时 30 分,1 天,0%,￥1.00,Off work,,,,,2019/1/2 上午7:00,,2.1.2.3.1.16,,0,￥1.00,￥2.00
2.1.2.3.1.18,第九章@ RXDJS finish,2019/1/25 下午10:45,2019/1/25 下午10:45,,,0%,,Off work,,,,,2019/1/2 上午7:00,,2.1.2.3.1.17,,,￥1.00,￥1.00
2.1.2.3.1.19,RXDJS@第十章,2019/1/25 下午10:45,2019/1/26 下午2:45,7 小时,1 天,0%,￥1.00,Off work,,,,,2019/1/2 上午7:00,,2.1.2.3.1.18,,0,￥1.00,￥2.00
2.1.2.3.1.20,第十章@ RXDJS finish,2019/1/26 下午2:45,2019/1/26 下午2:45,,,0%,,Off work,,,,,2019/1/2 上午7:00,,2.1.2.3.1.19,,,￥1.00,￥1.00
2.1.2.3.1.21,RXDJS@第十一章,2019/1/26 下午2:45,2019/1/26 下午10:45,1 天,1 天,0%,￥1.00,Off work,,,,,2019/1/2 上午7:00,,2.1.2.3.1.20,,0,￥1.00,￥2.00
2.1.2.3.1.22,第十一章@ RXDJS finish,2019/1/26 下午10:45,2019/1/26 下午10:45,,,0%,,Off work,,,,,2019/1/2 上午7:00,,2.1.2.3.1.21,,,￥1.00,￥1.00
2.1.2.3.1.23,RXDJS@第十二章,2019/1/26 下午10:45,2019/1/27 下午2:45,7 小时,1 天,0%,￥1.00,Off work,,,,,2019/1/2 上午7:00,,2.1.2.3.1.22,,0,￥1.00,￥2.00
2.1.2.3.1.24,第十二章@ RXDJS finish,2019/1/27 下午2:45,2019/1/27 下午2:45,,,0%,,Off work,,,,,2019/1/2 上午7:00,,2.1.2.3.1.23,,,￥1.00,￥1.00
2.1.2.3.1.25,RXDJS@第十三章,2019/1/27 下午2:45,2019/1/27 下午10:45,1 天,1 天,0%,￥1.00,Off work,,,,,2019/1/2 上午7:00,,2.1.2.3.1.24,,0,￥1.00,￥2.00
2.1.2.3.1.26,第十三章@ RXDJS finish,2019/1/27 下午10:45,2019/1/27 下午10:45,,,0%,,Off work,,,,,2019/1/2 上午7:00,,2.1.2.3.1.25,,,￥1.00,￥1.00
2.1.2.3.2,故园风雨后,2019/2/11 上午7:00,2019/2/24 下午8:30,1 月 1 周 7 小时 30 分,2 周 3 天,0%,￥13.00,,,,,,2019/2/11 上午7:00,,,,,￥26.00,￥39.00
2.1.2.3.2.1,GYFYH@第一章,2019/2/11 上午7:00,2019/2/12 下午10:30,3 天 5 小时 30 分,1 天,0%,￥1.00,Off work,,,,,2019/1/14 下午8:00,,,,0,￥1.00,￥2.00
2.1.2.3.2.2,第一章@ GYFYH finish,2019/2/12 下午10:30,2019/2/12 下午10:30,,,0%,,Off work,,,,,2019/1/2 上午7:00,,2.1.2.3.2.1,,,￥1.00,￥1.00
2.1.2.3.2.3,GYFYH@第二章,2019/2/12 下午10:30,2019/2/14 下午10:00,3 天 5 小时 30 分,1 天,0%,￥1.00,Off work,,,,,2019/1/2 上午7:00,,2.1.2.3.2.2,,0,￥1.00,￥2.00
2.1.2.3.2.4,第二章@ GYFYH finish,2019/2/14 下午10:00,2019/2/14 下午10:00,,,0%,,Off work,,,,,2019/1/2 上午7:00,,2.1.2.3.2.3,,,￥1.00,￥1.00
2.1.2.3.2.5,GYFYH@第三章,2019/2/14 下午10:00,2019/2/16 上午9:45,2 天 2 小时 45 分,1 天,0%,￥1.00,Off work,,,,,2019/1/6 下午8:00,,2.1.2.3.2.4,,0,￥1.00,￥2.00
2.1.2.3.2.6,第三章@ GYFYH finish,2019/2/16 上午9:45,2019/2/16 上午9:45,,,0%,,Off work,,,,,2019/1/2 上午7:00,,2.1.2.3.2.5,,,￥1.00,￥1.00
2.1.2.3.2.7,GYFYH@第四章,2019/2/16 上午9:45,2019/2/16 下午5:45,7 小时,1 天,0%,￥1.00,Off work,,,,,2019/1/2 上午7:00,,2.1.2.3.2.6,,0,￥1.00,￥2.00
2.1.2.3.2.8,第四章@ GYFYH finish,2019/2/16 下午5:45,2019/2/16 下午5:45,,,0%,,Off work,,,,,2019/1/2 上午7:00,,2.1.2.3.2.7,,,￥1.00,￥1.00
2.1.2.3.2.9,GYFYH@第五章,2019/2/16 下午5:45,2019/2/17 上午9:45,1 天,1 天,0%,￥1.00,Off work,,,,,2019/1/2 上午7:00,,2.1.2.3.2.8,,0,￥1.00,￥2.00
2.1.2.3.2.10,第五章@ GYFYH finish,2019/2/17 上午9:45,2019/2/17 上午9:45,,,0%,,Off work,,,,,2019/1/2 上午7:00,,2.1.2.3.2.9,,,￥1.00,￥1.00
2.1.2.3.2.11,GYFYH@第六章,2019/2/17 上午9:45,2019/2/17 下午5:45,7 小时,1 天,0%,￥1.00,Off work,,,,,2019/1/2 上午7:00,,2.1.2.3.2.10,,0,￥1.00,￥2.00
2.1.2.3.2.12,第六章@ GYFYH finish,2019/2/17 下午5:45,2019/2/17 下午5:45,,,0%,,Off work,,,,,2019/1/2 上午7:00,,2.1.2.3.2.11,,,￥1.00,￥1.00
2.1.2.3.2.13,GYFYH@第七章,2019/2/17 下午5:45,2019/2/18 下午9:30,2 天 2 小时 45 分,1 天,0%,￥1.00,Off work,,,,,2019/1/2 上午7:00,,2.1.2.3.2.12,,0,￥1.00,￥2.00
2.1.2.3.2.14,第七章@ GYFYH finish,2019/2/18 下午9:30,2019/2/18 下午9:30,,,0%,,Off work,,,,,2019/1/2 上午7:00,,2.1.2.3.2.13,,,￥1.00,￥1.00
2.1.2.3.2.15,GYFYH@第八章,2019/2/18 下午9:30,2019/2/20 上午9:15,2 天 2 小时 45 分,1 天,0%,￥1.00,Off work,,,,,2019/1/2 上午7:00,,2.1.2.3.2.14,,0,￥1.00,￥2.00
2.1.2.3.2.16,第八章@ GYFYH finish,2019/2/20 上午9:15,2019/2/20 上午9:15,,,0%,,Off work,,,,,2019/1/2 上午7:00,,2.1.2.3.2.15,,,￥1.00,￥1.00
2.1.2.3.2.17,GYFYH@第九章,2019/2/20 下午9:00,2019/2/22 上午8:45,2 天 2 小时 45 分,1 天,0%,￥1.00,Off work,,,,,2019/1/2 上午7:00,,2.1.2.3.2.16,,0,￥1.00,￥2.00
2.1.2.3.2.18,第九章@ GYFYH finish,2019/2/22 上午8:45,2019/2/22 上午8:45,,,0%,,Off work,,,,,2019/1/2 上午7:00,,2.1.2.3.2.17,,,￥1.00,￥1.00
2.1.2.3.2.19,GYFYH@第十章,2019/2/22 上午8:45,2019/2/23 下午12:30,2 天 2 小时 15 分,1 天,0%,￥1.00,Off work,,,,,2019/1/2 上午7:00,,2.1.2.3.2.18,,0,￥1.00,￥2.00
2.1.2.3.2.20,第十章@ GYFYH finish,2019/2/23 下午12:30,2019/2/23 下午12:30,,,0%,,Off work,,,,,2019/1/2 上午7:00,,2.1.2.3.2.19,,,￥1.00,￥1.00
2.1.2.3.2.21,GYFYH@第十一章,2019/2/23 下午12:30,2019/2/23 下午8:30,7 小时 30 分,1 天,0%,￥1.00,Off work,,,,,2019/1/2 上午7:00,,2.1.2.3.2.20,,0,￥1.00,￥2.00
2.1.2.3.2.22,第十一章@ GYFYH finish,2019/2/23 下午8:30,2019/2/23 下午8:30,,,0%,,Off work,,,,,2019/1/2 上午7:00,,2.1.2.3.2.21,,,￥1.00,￥1.00
2.1.2.3.2.23,GYFYH@第十二章,2019/2/23 下午8:30,2019/2/24 下午12:30,7 小时 30 分,1 天,0%,￥1.00,Off work,,,,,2019/1/2 上午7:00,,2.1.2.3.2.22,,0,￥1.00,￥2.00
2.1.2.3.2.24,第十二章@ GYFYH finish,2019/2/24 下午12:30,2019/2/24 下午12:30,,,0%,,Off work,,,,,2019/1/2 上午7:00,,2.1.2.3.2.23,,,￥1.00,￥1.00
2.1.2.3.2.25,GYFYH@第十三章,2019/2/24 下午12:30,2019/2/24 下午8:30,7 小时 30 分,1 天,0%,￥1.00,Off work,,,,,2019/1/2 上午7:00,,2.1.2.3.2.24,,0,￥1.00,￥2.00
2.1.2.3.2.26,第十三章@ GYFYH finish,2019/2/24 下午8:30,2019/2/24 下午8:30,,,0%,,Off work,,,,,2019/1/2 上午7:00,,2.1.2.3.2.25,,,￥1.00,￥1.00
2.1.2.4,Europe,2019/1/6 下午8:00,2019/1/8 下午10:15,4 天 15 分,1 天 30 分,100%,￥6.00,,,,,,2019/1/1 上午8:00,,,,,￥30.00,￥36.00
2.1.2.4.1,看不见的城市,2019/1/6 下午8:00,2019/1/7 上午9:00,5 小时,5 小时,100%,,,,,,,2019/1/2 上午7:00,,,,,￥18.00,￥18.00
2.1.2.4.1.1,KBJDCS@第一章,2019/1/6 下午8:00,2019/1/6 下午8:30,30 分,30 分,100%,,Off work,,,,,2019/1/6 下午8:00,,,,0,￥1.00,￥1.00
2.1.2.4.1.2,第一章@KBJDCS finish,2019/1/6 下午8:30,2019/1/6 下午8:30,,,100%,,Off work,,,,,2019/1/2 上午7:00,,2.1.2.4.1.1,,,￥1.00,￥1.00
2.1.2.4.1.3,KBJDCS@第二章,2019/1/6 下午8:30,2019/1/6 下午9:00,30 分,30 分,100%,,Off work,,,,,2019/1/2 上午7:00,,2.1.2.4.1.2,,0,￥1.00,￥1.00
2.1.2.4.1.4,第二章@KBJDCS finish,2019/1/6 下午9:00,2019/1/6 下午9:00,,,100%,,Off work,,,,,2019/1/2 上午7:00,,2.1.2.4.1.3,,,￥1.00,￥1.00
2.1.2.4.1.5,KBJDCS@第三章,2019/1/6 下午9:00,2019/1/6 下午9:30,30 分,30 分,100%,,Off work,,,,,2019/1/6 下午8:00,,2.1.2.4.1.4,,0,￥1.00,￥1.00
2.1.2.4.1.6,第三章@KBJDCS finish,2019/1/6 下午9:30,2019/1/6 下午9:30,,,100%,,Off work,,,,,2019/1/2 上午7:00,,2.1.2.4.1.5,,,￥1.00,￥1.00
2.1.2.4.1.7,KBJDCS@第四章,2019/1/6 下午9:30,2019/1/6 下午10:00,30 分,30 分,100%,,Off work,,,,,2019/1/2 上午7:00,,2.1.2.4.1.6,,0,￥1.00,￥1.00
2.1.2.4.1.8,第四章@KBJDCS finish,2019/1/6 下午10:00,2019/1/6 下午10:00,,,100%,,Off work,,,,,2019/1/2 上午7:00,,2.1.2.4.1.7,,,￥1.00,￥1.00
2.1.2.4.1.9,KBJDCS@第五章,2019/1/6 下午10:00,2019/1/6 下午10:30,30 分,30 分,100%,,Off work,,,,,2019/1/2 上午7:00,,2.1.2.4.1.8,,0,￥1.00,￥1.00
2.1.2.4.1.10,第五章@KBJDCS finish,2019/1/6 下午10:30,2019/1/6 下午10:30,,,100%,,Off work,,,,,2019/1/2 上午7:00,,2.1.2.4.1.9,,,￥1.00,￥1.00
2.1.2.4.1.11,KBJDCS@第六章,2019/1/6 下午10:30,2019/1/6 下午11:00,30 分,30 分,100%,,Off work,,,,,2019/1/2 上午7:00,,2.1.2.4.1.10,,0,￥1.00,￥1.00
2.1.2.4.1.12,第六章@KBJDCS finish,2019/1/6 下午11:00,2019/1/6 下午11:00,,,100%,,Off work,,,,,2019/1/2 上午7:00,,2.1.2.4.1.11,,,￥1.00,￥1.00
2.1.2.4.1.13,KBJDCS@第七章,2019/1/7 上午7:00,2019/1/7 上午7:30,30 分,30 分,100%,,Off work,,,,,2019/1/2 上午7:00,,2.1.2.4.1.12,,0,￥1.00,￥1.00
2.1.2.4.1.14,第七章@KBJDCS finish,2019/1/7 上午7:30,2019/1/7 上午7:30,,,100%,,Off work,,,,,2019/1/2 上午7:00,,2.1.2.4.1.13,,,￥1.00,￥1.00
2.1.2.4.1.15,KBJDCS@第八章,2019/1/7 上午7:30,2019/1/7 上午8:00,30 分,30 分,100%,,Off work,,,,,2019/1/2 上午7:00,,2.1.2.4.1.14,,0,￥1.00,￥1.00
2.1.2.4.1.16,第八章@KBJDCS finish,2019/1/7 上午8:00,2019/1/7 上午8:00,,,100%,,Off work,,,,,2019/1/2 上午7:00,,2.1.2.4.1.15,,,￥1.00,￥1.00
2.1.2.4.1.17,KBJDCS@第九章,2019/1/7 上午8:00,2019/1/7 上午9:00,1 小时,1 小时,100%,,Off work,,,,,2019/1/2 上午7:00,,2.1.2.4.1.16,,0,￥1.00,￥1.00
2.1.2.4.1.18,第九章@KBJDCS finish,2019/1/7 上午9:00,2019/1/7 上午9:00,,,100%,,Off work,,,,,2019/1/2 上午7:00,,2.1.2.4.1.17,,,￥1.00,￥1.00
2.1.2.4.2,不存在的骑士,2019/1/8 上午7:00,2019/1/8 下午10:15,1 天 6 小时 15 分,3 小时 30 分,100%,￥6.00,,,,,,2019/1/8 上午7:00,,,,,￥12.00,￥18.00
2.1.2.4.2.1,BCZDQS@第一、 二章,2019/1/8 上午7:00,2019/1/8 上午8:00,1 小时,1 小时,100%,￥1.00,Off work,,,,,2019/1/7 上午7:00,,,,0,￥1.00,￥2.00
2.1.2.4.2.2,第一、 二章@BCZDQS finish,2019/1/8 上午8:00,2019/1/8 上午8:00,,,100%,,Off work,,,,,2019/1/7 上午7:00,,2.1.2.4.2.1,,,￥1.00,￥1.00
2.1.2.4.2.3,BCZDQS@第三、 四章,2019/1/8 上午8:00,2019/1/8 上午8:30,30 分,30 分,100%,￥1.00,Off work,,,,,2019/1/7 上午7:00,,2.1.2.4.2.2,,0,￥1.00,￥2.00
2.1.2.4.2.4,第三、 四章@BCZDQS finish,2019/1/8 上午8:30,2019/1/8 上午8:30,,,100%,,Off work,,,,,2019/1/7 上午7:00,,2.1.2.4.2.3,,,￥1.00,￥1.00
2.1.2.4.2.5,BCZDQS@第五、 六章,2019/1/8 上午8:30,2019/1/8 上午9:00,30 分,30 分,100%,￥1.00,Off work,,,,,2019/1/7 上午7:00,,2.1.2.4.2.4,,0,￥1.00,￥2.00
2.1.2.4.2.6,第五、 六章@BCZDQS finish,2019/1/8 上午9:00,2019/1/8 上午9:00,,,100%,,Off work,,,,,2019/1/7 上午7:00,,2.1.2.4.2.5,,,￥1.00,￥1.00
2.1.2.4.2.7,BCZDQS@第七、 八章,2019/1/8 上午9:00,2019/1/8 下午9:15,1 天 3 小时 15 分,30 分,100%,￥1.00,Off work,,,,,2019/1/7 上午7:00,,2.1.2.4.2.6,,0,￥1.00,￥2.00
2.1.2.4.2.8,第七、 八章@BCZDQS finish,2019/1/8 下午9:15,2019/1/8 下午9:15,,,100%,,Off work,,,,,2019/1/7 上午7:00,,2.1.2.4.2.7,,,￥1.00,￥1.00
2.1.2.4.2.9,BCZDQS@第九、 十章,2019/1/8 下午9:15,2019/1/8 下午9:45,30 分,30 分,100%,￥1.00,Off work,,,,,2019/1/7 上午7:00,,2.1.2.4.2.8,,0,￥1.00,￥2.00
2.1.2.4.2.10,第九、 十章@BCZDQS finish,2019/1/8 下午9:45,2019/1/8 下午9:45,,,100%,,Off work,,,,,2019/1/7 上午7:00,,2.1.2.4.2.9,,,￥1.00,￥1.00
2.1.2.4.2.11,BCZDQS@第十一、 十二章,2019/1/8 下午9:45,2019/1/8 下午10:15,30 分,30 分,100%,￥1.00,Off work,,,,,2019/1/7 上午7:00,,2.1.2.4.2.10,,0,￥1.00,￥2.00
2.1.2.4.2.12,第十一、 十二章@BCZDQS finish,2019/1/8 下午10:15,2019/1/8 下午10:15,,,100%,,Off work,,,,,2019/1/7 上午7:00,,2.1.2.4.2.11,,,￥1.00,￥1.00
2.1.2.5,Chinese&Asia,2019/2/11 上午7:00,2019/2/12 上午7:45,1 天 7 小时 45 分,5 小时,0%,,,,,,,2018/12/5 上午8:00,,,,,￥18.00,￥18.00
2.1.2.5.1,山月记,2019/2/11 上午7:00,2019/2/12 上午7:45,1 天 7 小时 45 分,5 小时,0%,,,,,,,2019/2/11 上午7:00,,,,,￥18.00,￥18.00
2.1.2.5.1.1,SYJ@第一章,2019/2/11 上午7:00,2019/2/11 上午7:30,30 分,30 分,0%,,Off work,,,,,2019/1/6 下午8:00,,,,0,￥1.00,￥1.00
2.1.2.5.1.2,第一章@ SYJ finish,2019/2/11 上午7:30,2019/2/11 上午7:30,,,0%,,Off work,,,,,2019/1/2 上午7:00,,2.1.2.5.1.1,,,￥1.00,￥1.00
2.1.2.5.1.3,SYJ@第二章,2019/2/11 上午7:30,2019/2/11 上午8:00,30 分,30 分,0%,,Off work,,,,,2019/1/2 上午7:00,,2.1.2.5.1.2,,0,￥1.00,￥1.00
2.1.2.5.1.4,第二章@ SYJ finish,2019/2/11 上午8:00,2019/2/11 上午8:00,,,0%,,Off work,,,,,2019/1/2 上午7:00,,2.1.2.5.1.3,,,￥1.00,￥1.00
2.1.2.5.1.5,SYJ@第三章,2019/2/11 上午8:00,2019/2/11 上午8:30,30 分,30 分,0%,,Off work,,,,,2019/1/6 下午8:00,,2.1.2.5.1.4,,0,￥1.00,￥1.00
2.1.2.5.1.6,第三章@ SYJ finish,2019/2/11 上午8:30,2019/2/11 上午8:30,,,0%,,Off work,,,,,2019/1/2 上午7:00,,2.1.2.5.1.5,,,￥1.00,￥1.00
2.1.2.5.1.7,SYJ@第四章,2019/2/11 上午8:30,2019/2/11 上午9:00,30 分,30 分,0%,,Off work,,,,,2019/1/2 上午7:00,,2.1.2.5.1.6,,0,￥1.00,￥1.00
2.1.2.5.1.8,第四章@ SYJ finish,2019/2/11 上午9:00,2019/2/11 上午9:00,,,0%,,Off work,,,,,2019/1/2 上午7:00,,2.1.2.5.1.7,,,￥1.00,￥1.00
2.1.2.5.1.9,SYJ@第五章,2019/2/11 上午9:00,2019/2/11 下午9:15,1 天 3 小时 15 分,30 分,0%,,Off work,,,,,2019/1/2 上午7:00,,2.1.2.5.1.8,,0,￥1.00,￥1.00
2.1.2.5.1.10,第五章@ SYJ finish,2019/2/11 下午9:15,2019/2/11 下午9:15,,,0%,,Off work,,,,,2019/1/2 上午7:00,,2.1.2.5.1.9,,,￥1.00,￥1.00
2.1.2.5.1.11,SYJ@第六章,2019/2/11 下午9:15,2019/2/11 下午9:45,30 分,30 分,0%,,Off work,,,,,2019/1/2 上午7:00,,2.1.2.5.1.10,,0,￥1.00,￥1.00
2.1.2.5.1.12,第六章@ SYJ finish,2019/2/11 下午9:45,2019/2/11 下午9:45,,,0%,,Off work,,,,,2019/1/2 上午7:00,,2.1.2.5.1.11,,,￥1.00,￥1.00
2.1.2.5.1.13,SYJ@第七章,2019/2/11 下午9:45,2019/2/11 下午10:15,30 分,30 分,0%,,Off work,,,,,2019/1/2 上午7:00,,2.1.2.5.1.12,,0,￥1.00,￥1.00
2.1.2.5.1.14,第七章@ SYJ finish,2019/2/11 下午10:15,2019/2/11 下午10:15,,,0%,,Off work,,,,,2019/1/2 上午7:00,,2.1.2.5.1.13,,,￥1.00,￥1.00
2.1.2.5.1.15,SYJ@第八章,2019/2/11 下午10:15,2019/2/11 下午10:45,30 分,30 分,0%,,Off work,,,,,2019/1/2 上午7:00,,2.1.2.5.1.14,,0,￥1.00,￥1.00
2.1.2.5.1.16,第八章@ SYJ finish,2019/2/11 下午10:45,2019/2/11 下午10:45,,,0%,,Off work,,,,,2019/1/2 上午7:00,,2.1.2.5.1.15,,,￥1.00,￥1.00
2.1.2.5.1.17,SYJ@第九章,2019/2/11 下午10:45,2019/2/12 上午7:45,1 小时,1 小时,0%,,Off work,,,,,2019/1/2 上午7:00,,2.1.2.5.1.16,,0,￥1.00,￥1.00
2.1.2.5.1.18,第九章@ SYJ finish,2019/2/12 上午7:45,2019/2/12 上午7:45,,,0%,,Off work,,,,,2019/1/2 上午7:00,,2.1.2.5.1.17,,,￥1.00,￥1.00
2.1.2.6,Book Club recommendation,2018/12/5 上午8:00,2018/12/29 下午2:00,2 月 1 周 5 小时,3 周 30 分,100%,￥14.00,,,,,,2018/12/5 上午8:00,,,,,￥29.00,￥43.00
2.1.2.6.1,浮生梦,2018/12/17 上午7:00,2018/12/21 上午7:30,1 周 2 天 4 小时 30 分,2 天 1 小时 30 分,100%,￥5.00,,,,,,2018/12/17 上午7:00,,,,,￥10.00,￥15.00
2.1.2.6.1.1,FSM@1～6,2018/12/17 上午7:00,2018/12/17 上午8:30,1 小时 30 分,1 小时 30 分,100%,￥1.00,Off work,,,,,2018/12/17 上午7:00,,,,0,￥1.00,￥2.00
2.1.2.6.1.2,finish 1～6@FSM,2018/12/17 上午8:30,2018/12/17 上午8:30,,,100%,,Off work,,,,,2018/12/17 上午7:00,,2.1.2.6.1.1,,,￥1.00,￥1.00
2.1.2.6.1.3,FSM@6～12,2018/12/17 上午8:30,2018/12/18 上午8:15,1 天 6 小时 45 分,4 小时,100%,￥1.00,Off work,,,,,2018/12/17 上午7:00,,2.1.2.6.1.2,,0,￥1.00,￥2.00
2.1.2.6.1.4,finish 6～12@FSM,2018/12/18 上午8:15,2018/12/18 上午8:15,,,100%,,Off work,,,,,2018/12/17 上午7:00,,2.1.2.6.1.3,,,￥1.00,￥1.00
2.1.2.6.1.5,FSM@12～17,2018/12/18 上午8:15,2018/12/19 上午8:00,1 天 6 小时 45 分,4 小时,100%,￥1.00,Off work,,,,,2018/12/17 上午7:00,,2.1.2.6.1.4,,0,￥1.00,￥2.00
2.1.2.6.1.6,finish 12～17@FSM,2018/12/19 上午8:00,2018/12/19 上午8:00,,,100%,,Off work,,,,,2018/12/17 上午7:00,,2.1.2.6.1.5,,,￥1.00,￥1.00
2.1.2.6.1.7,FSM@17～23,2018/12/19 上午8:00,2018/12/20 上午7:45,1 天 6 小时 45 分,4 小时,100%,￥1.00,Off work,,,,,2018/12/17 上午7:00,,2.1.2.6.1.6,,0,￥1.00,￥2.00
2.1.2.6.1.8,finish 17～23@FSM,2018/12/20 上午7:45,2018/12/20 上午7:45,,,100%,,Off work,,,,,2018/12/17 上午7:00,,2.1.2.6.1.7,,,￥1.00,￥1.00
2.1.2.6.1.9,FSM@23～26,2018/12/20 上午7:45,2018/12/21 上午7:30,1 天 6 小时 45 分,4 小时,100%,￥1.00,Off work,,,,,2018/12/17 上午7:00,,2.1.2.6.1.8,,0,￥1.00,￥2.00
2.1.2.6.1.10,finish 23～26@FSM,2018/12/21 上午7:30,2018/12/21 上午7:30,,,100%,,Off work,,,,,2018/12/17 上午7:00,,2.1.2.6.1.9,,,￥1.00,￥1.00
2.1.2.6.2,局外人 加缪,2018/12/5 上午8:00,2018/12/8 下午3:15,1 周 1 天 3 小时 15 分,2 天 4 小时,100%,￥1.00,Off work,,,,,2018/12/5 上午8:00,,,,0,￥1.00,￥2.00
2.1.2.6.3,完成阅读并分享心得@局外人,2018/12/15 下午3:15,2018/12/15 下午3:15,,,100%,,Off work,,,,,2018/12/15 下午3:15,,2.1.2.6.2,,,￥1.00,￥1.00
2.1.2.6.4,1984,2018/12/11 上午8:00,2018/12/16 下午3:00,2 周 1 小时,1 周,100%,￥1.00,Off work,,,,,2018/12/11 上午8:00,,,,0,￥1.00,￥2.00
2.1.2.6.5,完成1984心得与记录,2018/12/16 下午3:00,2018/12/16 下午3:00,,,100%,,Off work,,,,,2018/12/16 上午7:00,,"2.1.2.6.3, 2.1.2.6.4",,,￥1.00,￥1.00
2.1.2.6.6,百年孤独,2018/12/24 上午7:00,2018/12/29 下午2:00,2 周 1 小时,3 天 3 小时,100%,￥6.00,,,,,,2018/12/23 上午7:00,,2.1.2.6.5,,,￥13.00,￥19.00
2.1.2.6.6.1,BNGD@1～4,2018/12/24 上午7:00,2018/12/24 上午9:00,2 小时,2 小时,100%,￥1.00,Off work,,,,,2018/12/24 上午7:00,,,,0,￥1.00,￥2.00
2.1.2.6.6.2,finish 1，2，3@BNGD,2018/12/24 上午9:00,2018/12/24 上午9:00,,,100%,,Off work,,,,,2018/12/24 上午7:00,,2.1.2.6.6.1,,,￥1.00,￥1.00
2.1.2.6.6.3,BNGD@4～7,2018/12/24 上午9:00,2018/12/25 上午8:45,1 天 6 小时 45 分,4 小时,100%,￥1.00,Off work,,,,,2018/12/24 上午7:00,,2.1.2.6.6.2,,0,￥1.00,￥2.00
2.1.2.6.6.4,finish 4， 5， 6@BNGD,2018/12/25 上午8:45,2018/12/25 上午8:45,,,100%,,Off work,,,,,2018/12/25 上午7:00,,2.1.2.6.6.3,,,￥1.00,￥1.00
2.1.2.6.6.5,BNGD@7～10,2018/12/25 上午8:45,2018/12/26 上午7:30,1 天 5 小时 45 分,3 小时,100%,￥1.00,Off work,,,,,2018/12/25 上午7:00,,2.1.2.6.6.4,,0,￥1.00,￥2.00
2.1.2.6.6.6,finish 7， 8，9@BNGD,2018/12/26 上午8:45,2018/12/26 上午8:45,,,100%,,Off work,,,,,2018/12/26 上午8:45,,2.1.2.6.6.5,,,￥1.00,￥1.00
2.1.2.6.6.7,BNGD@10～13,2018/12/26 上午8:45,2018/12/27 上午8:30,1 天 6 小时 45 分,4 小时,100%,￥1.00,Off work,,,,,2018/12/26 上午7:00,,2.1.2.6.6.6,,0,￥1.00,￥2.00
2.1.2.6.6.8,finish 10， 11， 12@BNGD,2018/12/27 上午8:30,2018/12/27 上午8:30,,,100%,,Off work,,,,,2018/12/26 上午7:00,,2.1.2.6.6.7,,,￥1.00,￥1.00
2.1.2.6.6.9,BNGD@13～17,2018/12/27 上午8:30,2018/12/28 下午10:00,3 天 3 小时 30 分,6 小时,100%,￥1.00,Off work,,,,,2018/12/27 上午7:00,,2.1.2.6.6.8,,0,￥1.00,￥2.00
2.1.2.6.6.10,finish 13， 14 15， 16@BNGD,2018/12/28 下午10:00,2018/12/28 下午10:00,,,100%,,Off work,,,,,2018/12/28 上午7:00,,2.1.2.6.6.9,,,￥1.00,￥1.00
2.1.2.6.6.11,BNGD@17～20,2018/12/28 下午10:00,2018/12/29 下午2:00,7 小时,1 天,100%,￥1.00,Off work,,,,,2018/12/28 上午7:00,,2.1.2.6.6.10,,0,￥1.00,￥2.00
2.1.2.6.6.12,finish 17， 18，19，20@BNGD,2018/12/29 下午2:00,2018/12/29 下午2:00,,,100%,,Off work,,,,,2018/12/28 上午7:00,,2.1.2.6.6.11,,,￥1.00,￥1.00
2.1.2.6.6.13,完成百年孤独心得与记录,2018/12/29 下午2:00,2018/12/29 下午2:00,,,100%,,Off work,,,,,2018/12/29 上午9:50,,2.1.2.6.6.12,,,￥1.00,￥1.00
2.1.2.6.7,昨日之旅,2018/12/24 上午7:00,2018/12/27 下午10:00,1 周 2 天 3 小时,2 天,100%,￥1.00,Off work,,,,,2018/12/24 上午7:00,,,,0,￥1.00,￥2.00
2.1.2.6.8,完成昨日之旅详细的读书笔记与心得记录,2018/12/27 下午10:00,2018/12/27 下午10:00,,,100%,,Off work,,,,,2018/12/24 上午7:00,,2.1.2.6.7,,,￥1.00,￥1.00
2.1.3,History,2018/12/5 上午8:00,2018/12/5 上午8:00,0 秒,0 秒,0%,,,,,,,2018/12/5 上午8:00,,,,,,
2.1.4,Traditional Classical,2018/12/5 上午8:00,2018/12/5 上午8:00,0 秒,0 秒,0%,,,,,,,2018/12/5 上午8:00,,,,,,
2.1.5,Tang to Qing,2018/12/5 上午8:00,2018/12/5 上午8:00,0 秒,0 秒,0%,,,,,,,2018/12/5 上午8:00,,,,,,
2.2,Skill Learning,2018/12/5 上午8:00,2019/2/25 上午8:00,7 月 2 周 3 天 6 小时,2 周 4 天,10%,￥5.00,,,,,,2018/12/5 上午8:00,,,,,￥48.00,￥53.00
2.2.1,Management&Method,2018/12/5 上午8:00,2019/2/25 上午8:00,7 月 2 周 3 天 6 小时,2 周 4 天,10%,￥5.00,,,,,,2018/12/5 上午8:00,,,,,￥48.00,￥53.00
2.2.1.1,Project Management,2018/12/5 上午8:00,2018/12/5 上午8:00,0 秒,0 秒,0%,,,,,,,2018/12/5 上午8:00,,,,,,
2.2.1.2,Team Management,2018/12/5 上午8:00,2018/12/5 上午8:00,0 秒,0 秒,0%,,,,,,,2018/12/5 上午8:00,,,,,,
2.2.1.3,Time Management,2018/12/5 上午8:00,2018/12/5 上午8:00,0 秒,0 秒,0%,,,,,,,2018/12/5 上午8:00,,,,,,
2.2.1.4,Self  Management,2019/1/2 上午7:00,2019/1/20 下午4:30,1 月 2 周 4 天 6 小时 30 分,2 周 2 天 4 小时,6%,￥5.00,,,,,,2018/12/11 上午8:00,,,,,￥41.00,￥46.00
2.2.1.4.1,人生十论,2019/1/2 上午7:00,2019/1/15 下午9:15,1 月 1 周 1 天 15 分,1 周 2 天 4 小时,10%,,,,,,,2019/1/2 上午7:00,,,,,￥30.00,￥30.00
2.2.1.4.1.1,RSSL@第一章,2019/1/2 上午7:00,2019/1/2 下午10:45,1 天 6 小时 45 分,4 小时,100%,,Off work,,,,,2019/1/2 上午7:00,,,,0,￥1.00,￥1.00
2.2.1.4.1.2,第一章@RSSL finish,2019/1/2 下午10:45,2019/1/2 下午10:45,,,100%,,Off work,,,,,2019/1/2 上午7:00,,2.2.1.4.1.1,,,￥1.00,￥1.00
2.2.1.4.1.3,RSSL@第二章,2019/1/7 下午10:45,2019/1/8 下午10:30,1 天 6 小时 45 分,4 小时,50%,,Off work,,,,,2019/1/7 下午10:45,,2.2.1.4.1.2,,0,￥1.00,￥1.00
2.2.1.4.1.4,第二章@RSSL finish,2019/1/8 下午10:30,2019/1/8 下午10:30,,,0%,,Off work,,,,,2019/1/2 上午7:00,,2.2.1.4.1.3,,,￥1.00,￥1.00
2.2.1.4.1.5,RSSL@第三章,2019/1/8 下午10:30,2019/1/9 下午10:15,1 天 6 小时 45 分,4 小时,0%,,Off work,,,,,2019/1/2 上午7:00,,2.2.1.4.1.4,,0,￥1.00,￥1.00
2.2.1.4.1.6,第三章@RSSL finish,2019/1/9 下午10:15,2019/1/9 下午10:15,,,0%,,Off work,,,,,2019/1/2 上午7:00,,2.2.1.4.1.5,,,￥1.00,￥1.00
2.2.1.4.1.7,RSSL@第四章,2019/1/9 下午10:15,2019/1/10 下午10:00,1 天 6 小时 45 分,4 小时,0%,,Off work,,,,,2019/1/2 上午7:00,,2.2.1.4.1.6,,0,￥1.00,￥1.00
2.2.1.4.1.8,第四章@RSSL finish,2019/1/10 下午10:00,2019/1/10 下午10:00,,,0%,,Off work,,,,,2019/1/2 上午7:00,,2.2.1.4.1.7,,,￥1.00,￥1.00
2.2.1.4.1.9,RSSL@第五章,2019/1/10 下午10:00,2019/1/11 下午9:45,1 天 6 小时 45 分,4 小时,0%,,Off work,,,,,2019/1/2 上午7:00,,2.2.1.4.1.8,,0,￥1.00,￥1.00
2.2.1.4.1.10,第五章@RSSL finish,2019/1/11 下午9:45,2019/1/11 下午9:45,,,0%,,Off work,,,,,2019/1/2 上午7:00,,2.2.1.4.1.9,,,￥1.00,￥1.00
2.2.1.4.1.11,RSSL@第六章,2019/1/11 下午9:45,2019/1/12 上午9:45,4 小时,4 小时,0%,,Off work,,,,,2019/1/2 上午7:00,,2.2.1.4.1.10,,0,￥1.00,￥1.00
2.2.1.4.1.12,第六章@RSSL finish,2019/1/12 上午9:45,2019/1/12 上午9:45,,,0%,,Off work,,,,,2019/1/2 上午7:00,,2.2.1.4.1.11,,,￥1.00,￥1.00
2.2.1.4.1.13,RSSL@第七章,2019/1/12 上午9:45,2019/1/12 下午1:45,3 小时,4 小时,0%,,Off work,,,,,2019/1/2 上午7:00,,2.2.1.4.1.12,,0,￥1.00,￥1.00
2.2.1.4.1.14,第七章@RSSL finish,2019/1/12 下午1:45,2019/1/12 下午1:45,,,0%,,Off work,,,,,2019/1/2 上午7:00,,2.2.1.4.1.13,,,￥1.00,￥1.00
2.2.1.4.1.15,RSSL@第八章,2019/1/12 下午1:45,2019/1/12 下午5:45,4 小时,4 小时,0%,,Off work,,,,,2019/1/2 上午7:00,,2.2.1.4.1.14,,0,￥1.00,￥1.00
2.2.1.4.1.16,第八章@RSSL finish,2019/1/12 下午5:45,2019/1/12 下午5:45,,,0%,,Off work,,,,,2019/1/2 上午7:00,,2.2.1.4.1.15,,,￥1.00,￥1.00
2.2.1.4.1.17,RSSL@第九章,2019/1/12 下午5:45,2019/1/12 下午9:45,4 小时,4 小时,0%,,Off work,,,,,2019/1/2 上午7:00,,2.2.1.4.1.16,,0,￥1.00,￥1.00
2.2.1.4.1.18,第九章@RSSL finish,2019/1/12 下午9:45,2019/1/12 下午9:45,,,0%,,Off work,,,,,2019/1/2 上午7:00,,2.2.1.4.1.17,,,￥1.00,￥1.00
2.2.1.4.1.19,RSSL@第十章,2019/1/12 下午9:45,2019/1/13 上午9:45,4 小时,4 小时,0%,,Off work,,,,,2019/1/2 上午7:00,,2.2.1.4.1.18,,0,￥1.00,￥1.00
2.2.1.4.1.20,第十章@RSSL finish,2019/1/13 上午9:45,2019/1/13 上午9:45,,,0%,,Off work,,,,,2019/1/2 上午7:00,,2.2.1.4.1.19,,,￥1.00,￥1.00
2.2.1.4.1.21,RSSL@第十一章,2019/1/13 上午9:45,2019/1/13 下午1:45,3 小时,4 小时,0%,,Off work,,,,,2019/1/2 上午7:00,,2.2.1.4.1.20,,0,￥1.00,￥1.00
2.2.1.4.1.22,第十一章@RSSL finish,2019/1/13 下午1:45,2019/1/13 下午1:45,,,0%,,Off work,,,,,2019/1/2 上午7:00,,2.2.1.4.1.21,,,￥1.00,￥1.00
2.2.1.4.1.23,RSSL@第十二章,2019/1/13 下午1:45,2019/1/13 下午5:45,4 小时,4 小时,0%,,Off work,,,,,2019/1/2 上午7:00,,2.2.1.4.1.22,,0,￥1.00,￥1.00
2.2.1.4.1.24,第十二章@RSSL finish,2019/1/13 下午5:45,2019/1/13 下午5:45,,,0%,,Off work,,,,,2019/1/2 上午7:00,,2.2.1.4.1.23,,,￥1.00,￥1.00
2.2.1.4.1.25,RSSL@第十三章,2019/1/13 下午5:45,2019/1/13 下午9:45,4 小时,4 小时,0%,,Off work,,,,,2019/1/2 上午7:00,,2.2.1.4.1.24,,0,￥1.00,￥1.00
2.2.1.4.1.26,第十三章@RSSL finish,2019/1/13 下午9:45,2019/1/13 下午9:45,,,0%,,Off work,,,,,2019/1/2 上午7:00,,2.2.1.4.1.25,,,￥1.00,￥1.00
2.2.1.4.1.27,RSSL@第十四章,2019/1/13 下午9:45,2019/1/14 下午9:30,1 天 6 小时 45 分,4 小时,0%,,Off work,,,,,2019/1/2 上午7:00,,2.2.1.4.1.26,,0,￥1.00,￥1.00
2.2.1.4.1.28,第十四章@RSSL finish,2019/1/14 下午9:30,2019/1/14 下午9:30,,,0%,,Off work,,,,,2019/1/2 上午7:00,,2.2.1.4.1.27,,,￥1.00,￥1.00
2.2.1.4.1.29,RSSL@第十五章,2019/1/14 下午9:30,2019/1/15 下午9:15,1 天 6 小时 45 分,4 小时,0%,,Off work,,,,,2019/1/2 上午7:00,,2.2.1.4.1.28,,0,￥1.00,￥1.00
2.2.1.4.1.30,第十五章@RSSL finish,2019/1/15 下午9:15,2019/1/15 下午9:15,,,0%,,Off work,,,,,2019/1/2 上午7:00,,2.2.1.4.1.29,,,￥1.00,￥1.00
2.2.1.4.2,自控力,2019/1/15 下午9:15,2019/1/20 下午4:30,1 周 3 天 6 小时 15 分,1 周,0%,￥5.00,,,,,,2019/1/9 上午8:00,,2.2.1.4.1,,,￥11.00,￥16.00
2.2.1.4.2.1,ZKL@CH1 & CH2,2019/1/15 下午9:15,2019/1/17 上午9:00,2 天 2 小时 45 分,1 天,0%,￥1.00,Off work,,,,,2019/1/7 上午8:00,,,,0,￥1.00,￥2.00
2.2.1.4.2.2,CH1 & CH2 finish@ZKL,2019/1/17 上午9:00,2019/1/17 上午9:00,,,0%,,Off work,,,,,2019/1/10 上午7:00,,2.2.1.4.2.1,,,￥1.00,￥1.00
2.2.1.4.2.3,ZKL@CH3 & CH4,2019/1/17 上午9:00,2019/1/19 上午8:30,3 天 5 小时 30 分,1 天,0%,￥1.00,Off work,,,,,2019/1/11 上午7:00,,2.2.1.4.2.2,,0,￥1.00,￥2.00
2.2.1.4.2.4,CH3 & CH4 finish@ZKL,2019/1/19 上午8:30,2019/1/19 上午8:30,,,0%,,Off work,,,,,2019/1/11 上午7:00,,2.2.1.4.2.3,,,￥1.00,￥1.00
2.2.1.4.2.5,ZKL@CH5 & CH6,2019/1/19 上午8:30,2019/1/19 下午4:30,7 小时,1 天,0%,￥1.00,Off work,,,,,2019/1/11 上午7:00,,2.2.1.4.2.4,,0,￥1.00,￥2.00
2.2.1.4.2.6,CH5 & CH6 finish@ZKL,2019/1/19 下午4:30,2019/1/19 下午4:30,,,0%,,Off work,,,,,2018/12/15 上午7:00,,2.2.1.4.2.5,,,￥1.00,￥1.00
2.2.1.4.2.7,ZKL@CH8 & CH9,2019/1/19 下午4:30,2019/1/20 上午8:30,1 天,1 天,0%,￥1.00,Off work,,,,,2018/12/15 上午7:00,,2.2.1.4.2.6,,0,￥1.00,￥2.00
2.2.1.4.2.8,CH8 & CH9 finish@ZKL,2019/1/20 上午8:30,2019/1/20 上午8:30,,,0%,,Off work,,,,,2018/12/15 上午7:00,,2.2.1.4.2.7,,,￥1.00,￥1.00
2.2.1.4.2.9,ZKL@CH10,2019/1/20 上午8:30,2019/1/20 下午4:30,7 小时,1 天,0%,￥1.00,Off work,,,,,2018/12/15 下午10:00,,2.2.1.4.2.8,,0,￥1.00,￥2.00
2.2.1.4.2.10,CH10 finish@ZKL,2019/1/20 下午4:30,2019/1/20 下午4:30,,,0%,,Off work,,,,,2018/12/16 上午7:00,,2.2.1.4.2.9,,,￥1.00,￥1.00
2.2.1.4.2.11,完成xmind梳理@自控力,2019/1/20 下午4:30,2019/1/20 下午4:30,,,0%,,Off work,,,,,2018/12/16 上午7:00,,2.2.1.4.2.10,,,￥1.00,￥1.00
2.2.1.5,Thinking,2019/2/25 上午8:00,2019/2/25 上午8:00,0 秒,0 秒,0%,,,,,,,2018/12/10 上午8:00,,,,,￥1.00,￥1.00
2.2.1.5.1,思考的艺术,2019/2/25 上午8:00,2019/2/25 上午8:00,0 秒,0 秒,0%,,,,,,,2019/2/25 上午8:00,,,,,￥1.00,￥1.00
2.2.1.5.1.1,完成思考的艺术xmind的梳理输出,2019/2/25 上午8:00,2019/2/25 上午8:00,,,0%,,Off work,,,,,2018/12/31 上午7:00,,,,,￥1.00,￥1.00
2.2.1.6,Method,2019/1/8 上午7:00,2019/1/10 下午10:15,1 周 4 小时 15 分,1 天 4 小时,43%,,,,,,,2019/1/2 上午7:00,,,,,￥6.00,￥6.00
2.2.1.6.1,聪明人用方格笔记本,2019/1/8 上午7:00,2019/1/10 下午10:15,1 周 4 小时 15 分,1 天 4 小时,43%,,,,,,,2019/1/2 上午7:00,,,,,￥6.00,￥6.00
2.2.1.6.1.1,FGBJB@ 第一章&第二章,2019/1/8 上午7:00,2019/1/8 下午10:45,1 天 6 小时 45 分,4 小时,100%,,Off work,,,,,2019/1/8 上午7:00,,,,0,￥1.00,￥1.00
2.2.1.6.1.2,第一章&第二章@FGBJB  finish,2019/1/8 下午10:45,2019/1/8 下午10:45,,,100%,,Off work,,,,,2019/1/2 上午7:00,,2.2.1.6.1.1,,,￥1.00,￥1.00
2.2.1.6.1.3,FGBJB@ 第三章&第四章,2019/1/8 下午10:45,2019/1/9 下午10:30,1 天 6 小时 45 分,4 小时,30%,,Off work,,,,,2019/1/2 上午7:00,,2.2.1.6.1.2,,0,￥1.00,￥1.00
2.2.1.6.1.4,第三章&第四章@FGBJB  finish,2019/1/9 下午10:30,2019/1/9 下午10:30,,,0%,,Off work,,,,,2019/1/2 上午7:00,,2.2.1.6.1.3,,,￥1.00,￥1.00
2.2.1.6.1.5,FGBJB@ 第五章,2019/1/9 下午10:30,2019/1/10 下午10:15,1 天 6 小时 45 分,4 小时,0%,,Off work,,,,,2019/1/2 上午7:00,,2.2.1.6.1.4,,0,￥1.00,￥1.00
2.2.1.6.1.6,第五章@FGBJB  finish,2019/1/10 下午10:15,2019/1/10 下午10:15,,,0%,,Off work,,,,,2019/1/2 上午7:00,,2.2.1.6.1.5,,,￥1.00,￥1.00
2.2.1.7,The art of Plan & Report ,2018/12/5 上午8:00,2018/12/5 上午8:00,0 秒,0 秒,0%,,,,,,,2018/12/5 上午8:00,,,,,,
2.2.2,Language,2018/12/5 上午8:00,2018/12/5 上午8:00,0 秒,0 秒,0%,,,,,,,2018/12/5 上午8:00,,,,,,
2.2.3,New Skill master,2018/12/5 上午8:00,2018/12/5 上午8:00,0 秒,0 秒,0%,,,,,,,2018/12/5 上午8:00,,,,,,
2.2.3.1,Car Driving,2018/12/5 上午8:00,2018/12/5 上午8:00,0 秒,0 秒,0%,,,,,,,2018/12/5 上午8:00,,,,,,
3,Hobbies,2018/12/5 上午8:00,2018/12/5 上午8:00,0 秒,0 秒,0%,,,,,,,2018/12/5 上午8:00,,,,,,
3.1,Origami,2018/12/5 上午8:00,2018/12/5 上午8:00,0 秒,0 秒,0%,,,,,,,2018/12/5 上午8:00,,,,,,
4,Wealth,2018/12/5 上午8:00,2018/12/5 上午8:00,0 秒,0 秒,0%,,,,,,,2018/12/5 上午8:00,,,,,,
4.1,Stock,2018/12/5 上午8:00,2018/12/5 上午8:00,0 秒,0 秒,0%,,,,,,,2018/12/5 上午8:00,,,,,,
5,Entertaining,2018/12/5 上午8:00,2018/12/5 上午8:00,0 秒,0 秒,0%,,,,,,,2018/12/5 上午8:00,,,,,,
6,Health,2018/12/5 上午8:00,2018/12/5 上午8:00,0 秒,0 秒,0%,,,,,,,2018/12/5 上午8:00,,,,,,
7,Family,2018/12/5 上午8:00,2018/12/5 上午8:00,0 秒,0 秒,0%,,,,,,,2018/12/5 上午8:00,,,,,,
8,Social Communication,2018/12/5 上午8:00,2018/12/5 上午8:00,0 秒,0 秒,0%,,,,,,,2018/12/5 上午8:00,,,,,,
